雙連段二小段,622-1
雙連段二小段,623-1
雙連段二小段,624
雙連段二小段,625
雙連段二小段,626
雙連段二小段,627
雙連段二小段,628
雙連段二小段,629
雙連段二小段,630
雙連段二小段,630-1
雙連段二小段,630-2
雙連段二小段,631
雙連段二小段,631-1
雙連段二小段,631-2
雙連段二小段,631-3
雙連段二小段,633
雙連段二小段,633-2
雙連段二小段,634
雙連段二小段,634-1
雙連段二小段,634-2
雙連段二小段,635
雙連段二小段,636
雙連段二小段,637
雙連段二小段,638
雙連段二小段,639
雙連段二小段,639-1
雙連段二小段,639-2
雙連段二小段,639-3
雙連段二小段,640
雙連段二小段,640-1
雙連段二小段,641
雙連段二小段,642
雙連段二小段,643
雙連段二小段,644
雙連段二小段,645
雙連段二小段,645-1
雙連段二小段,646
雙連段二小段,646-1
雙連段二小段,647
雙連段二小段,648
雙連段二小段,649
雙連段二小段,650
雙連段二小段,651
雙連段二小段,651-1
雙連段二小段,652
雙連段二小段,652-1
雙連段二小段,653
雙連段二小段,653-2
雙連段二小段,654
雙連段二小段,655
雙連段二小段,656
雙連段二小段,657
