福和段一小段,221
福和段一小段,222
福和段一小段,223
福和段一小段,224
福和段一小段,225
福和段一小段,226
福和段一小段,227
福和段一小段,232
福和段一小段,233
福和段一小段,234
福和段一小段,235
福和段一小段,235-1
福和段一小段,236-1
福和段一小段,236-2
福和段一小段,237
福和段一小段,237-1
福和段一小段,238
福和段一小段,239-2
福和段一小段,240
福和段一小段,240-1
福和段一小段,241
福和段一小段,242
福和段一小段,243
福和段一小段,248
福和段一小段,249
福和段一小段,254
福和段一小段,255
福和段一小段,259
福和段一小段,260
福和段一小段,265
福和段一小段,266
福和段一小段,267
福和段一小段,268
福和段一小段,270
福和段一小段,271
福和段一小段,272
福和段一小段,273
福和段一小段,274
福和段一小段,276
福和段一小段,279
福和段一小段,283
福和段一小段,328
福和段一小段,330
福和段一小段,905
福和段一小段,910
福和段一小段,910-1
福和段一小段,911
