文德段二小段,369-2
文德段二小段,370-2
文德段二小段,372
文德段二小段,401
文德段二小段,402
文德段二小段,415
文德段二小段,416
文德段二小段,417
文德段二小段,418
文德段二小段,419
文德段二小段,420
文德段二小段,421
文德段二小段,422
文德段二小段,423
文德段二小段,424
文德段二小段,425
文德段二小段,426
文德段二小段,427
文德段二小段,428
文德段二小段,429
文德段二小段,430
文德段二小段,431
文德段二小段,432
文德段二小段,433
文德段二小段,434
文德段二小段,434-1
文德段二小段,435
文德段二小段,436
文德段二小段,437
文德段二小段,438
文德段二小段,439
文德段二小段,440
文德段二小段,441
文德段二小段,442
文德段二小段,443
文德段二小段,444
文德段二小段,445
文德段二小段,446
文德段二小段,447
文德段二小段,448
文德段二小段,450
文德段二小段,451
文德段二小段,454
文德段二小段,455
文德段二小段,456
文德段二小段,457
文德段二小段,458
文德段二小段,459
文德段二小段,465
文德段二小段,466
文德段二小段,467
文德段二小段,468
文德段二小段,469
文德段二小段,470
文德段二小段,471
文德段二小段,472
文德段二小段,479
文德段二小段,480
文德段二小段,481
文德段二小段,483
文德段二小段,484
文德段二小段,485
文德段二小段,486
文德段二小段,487
文德段二小段,488
文德段二小段,489
文德段二小段,490
