蘭雅段二小段454、455、456、457、458、459、460-3、461、463、464、465、465-1、465-2、466、466-1、466-2、467、468469、470、471、471-1472、473、474、475、476477478478-1479479-1地號等32筆土地(詳圖7)。三、計畫面積:3,329.89平方公尺(實際面積以完成地籍分割後為準)。科:小心。经事!購。________________壹、計畫位置及範圍本更新單元位於士林區文林路740巷以北、文林路740巷以西、德行西路以南及文林路以東所圍街廓內,計畫範圍包括士林區蘭雅段二小段,454
蘭雅段二小段454、455、456、457、458、459、460-3、461、463、464、465、465-1、465-2、466、466-1、466-2、467、468469、470、471、471-1472、473、474、475、476477478478-1479479-1地號等32筆土地(詳圖7)。三、計畫面積:3,329.89平方公尺(實際面積以完成地籍分割後為準)。科:小心。经事!購。________________壹、計畫位置及範圍本更新單元位於士林區文林路740巷以北、文林路740巷以西、德行西路以南及文林路以東所圍街廓內,計畫範圍包括士林區蘭雅段二小段,455
蘭雅段二小段454、455、456、457、458、459、460-3、461、463、464、465、465-1、465-2、466、466-1、466-2、467、468469、470、471、471-1472、473、474、475、476477478478-1479479-1地號等32筆土地(詳圖7)。三、計畫面積:3,329.89平方公尺(實際面積以完成地籍分割後為準)。科:小心。经事!購。________________壹、計畫位置及範圍本更新單元位於士林區文林路740巷以北、文林路740巷以西、德行西路以南及文林路以東所圍街廓內,計畫範圍包括士林區蘭雅段二小段,456
蘭雅段二小段454、455、456、457、458、459、460-3、461、463、464、465、465-1、465-2、466、466-1、466-2、467、468469、470、471、471-1472、473、474、475、476477478478-1479479-1地號等32筆土地(詳圖7)。三、計畫面積:3,329.89平方公尺(實際面積以完成地籍分割後為準)。科:小心。经事!購。________________壹、計畫位置及範圍本更新單元位於士林區文林路740巷以北、文林路740巷以西、德行西路以南及文林路以東所圍街廓內,計畫範圍包括士林區蘭雅段二小段,457
蘭雅段二小段454、455、456、457、458、459、460-3、461、463、464、465、465-1、465-2、466、466-1、466-2、467、468469、470、471、471-1472、473、474、475、476477478478-1479479-1地號等32筆土地(詳圖7)。三、計畫面積:3,329.89平方公尺(實際面積以完成地籍分割後為準)。科:小心。经事!購。________________壹、計畫位置及範圍本更新單元位於士林區文林路740巷以北、文林路740巷以西、德行西路以南及文林路以東所圍街廓內,計畫範圍包括士林區蘭雅段二小段,458
蘭雅段二小段454、455、456、457、458、459、460-3、461、463、464、465、465-1、465-2、466、466-1、466-2、467、468469、470、471、471-1472、473、474、475、476477478478-1479479-1地號等32筆土地(詳圖7)。三、計畫面積:3,329.89平方公尺(實際面積以完成地籍分割後為準)。科:小心。经事!購。________________壹、計畫位置及範圍本更新單元位於士林區文林路740巷以北、文林路740巷以西、德行西路以南及文林路以東所圍街廓內,計畫範圍包括士林區蘭雅段二小段,459
蘭雅段二小段454、455、456、457、458、459、460-3、461、463、464、465、465-1、465-2、466、466-1、466-2、467、468469、470、471、471-1472、473、474、475、476477478478-1479479-1地號等32筆土地(詳圖7)。三、計畫面積:3,329.89平方公尺(實際面積以完成地籍分割後為準)。科:小心。经事!購。________________壹、計畫位置及範圍本更新單元位於士林區文林路740巷以北、文林路740巷以西、德行西路以南及文林路以東所圍街廓內,計畫範圍包括士林區蘭雅段二小段,460-3
蘭雅段二小段454、455、456、457、458、459、460-3、461、463、464、465、465-1、465-2、466、466-1、466-2、467、468469、470、471、471-1472、473、474、475、476477478478-1479479-1地號等32筆土地(詳圖7)。三、計畫面積:3,329.89平方公尺(實際面積以完成地籍分割後為準)。科:小心。经事!購。________________壹、計畫位置及範圍本更新單元位於士林區文林路740巷以北、文林路740巷以西、德行西路以南及文林路以東所圍街廓內,計畫範圍包括士林區蘭雅段二小段,461
蘭雅段二小段454、455、456、457、458、459、460-3、461、463、464、465、465-1、465-2、466、466-1、466-2、467、468469、470、471、471-1472、473、474、475、476477478478-1479479-1地號等32筆土地(詳圖7)。三、計畫面積:3,329.89平方公尺(實際面積以完成地籍分割後為準)。科:小心。经事!購。________________壹、計畫位置及範圍本更新單元位於士林區文林路740巷以北、文林路740巷以西、德行西路以南及文林路以東所圍街廓內,計畫範圍包括士林區蘭雅段二小段,463
蘭雅段二小段454、455、456、457、458、459、460-3、461、463、464、465、465-1、465-2、466、466-1、466-2、467、468469、470、471、471-1472、473、474、475、476477478478-1479479-1地號等32筆土地(詳圖7)。三、計畫面積:3,329.89平方公尺(實際面積以完成地籍分割後為準)。科:小心。经事!購。________________壹、計畫位置及範圍本更新單元位於士林區文林路740巷以北、文林路740巷以西、德行西路以南及文林路以東所圍街廓內,計畫範圍包括士林區蘭雅段二小段,464
蘭雅段二小段454、455、456、457、458、459、460-3、461、463、464、465、465-1、465-2、466、466-1、466-2、467、468469、470、471、471-1472、473、474、475、476477478478-1479479-1地號等32筆土地(詳圖7)。三、計畫面積:3,329.89平方公尺(實際面積以完成地籍分割後為準)。科:小心。经事!購。________________壹、計畫位置及範圍本更新單元位於士林區文林路740巷以北、文林路740巷以西、德行西路以南及文林路以東所圍街廓內,計畫範圍包括士林區蘭雅段二小段,465
蘭雅段二小段454、455、456、457、458、459、460-3、461、463、464、465、465-1、465-2、466、466-1、466-2、467、468469、470、471、471-1472、473、474、475、476477478478-1479479-1地號等32筆土地(詳圖7)。三、計畫面積:3,329.89平方公尺(實際面積以完成地籍分割後為準)。科:小心。经事!購。________________壹、計畫位置及範圍本更新單元位於士林區文林路740巷以北、文林路740巷以西、德行西路以南及文林路以東所圍街廓內,計畫範圍包括士林區蘭雅段二小段,465-1
蘭雅段二小段454、455、456、457、458、459、460-3、461、463、464、465、465-1、465-2、466、466-1、466-2、467、468469、470、471、471-1472、473、474、475、476477478478-1479479-1地號等32筆土地(詳圖7)。三、計畫面積:3,329.89平方公尺(實際面積以完成地籍分割後為準)。科:小心。经事!購。________________壹、計畫位置及範圍本更新單元位於士林區文林路740巷以北、文林路740巷以西、德行西路以南及文林路以東所圍街廓內,計畫範圍包括士林區蘭雅段二小段,465-2
蘭雅段二小段454、455、456、457、458、459、460-3、461、463、464、465、465-1、465-2、466、466-1、466-2、467、468469、470、471、471-1472、473、474、475、476477478478-1479479-1地號等32筆土地(詳圖7)。三、計畫面積:3,329.89平方公尺(實際面積以完成地籍分割後為準)。科:小心。经事!購。________________壹、計畫位置及範圍本更新單元位於士林區文林路740巷以北、文林路740巷以西、德行西路以南及文林路以東所圍街廓內,計畫範圍包括士林區蘭雅段二小段,466
蘭雅段二小段454、455、456、457、458、459、460-3、461、463、464、465、465-1、465-2、466、466-1、466-2、467、468469、470、471、471-1472、473、474、475、476477478478-1479479-1地號等32筆土地(詳圖7)。三、計畫面積:3,329.89平方公尺(實際面積以完成地籍分割後為準)。科:小心。经事!購。________________壹、計畫位置及範圍本更新單元位於士林區文林路740巷以北、文林路740巷以西、德行西路以南及文林路以東所圍街廓內,計畫範圍包括士林區蘭雅段二小段,466-1
蘭雅段二小段454、455、456、457、458、459、460-3、461、463、464、465、465-1、465-2、466、466-1、466-2、467、468469、470、471、471-1472、473、474、475、476477478478-1479479-1地號等32筆土地(詳圖7)。三、計畫面積:3,329.89平方公尺(實際面積以完成地籍分割後為準)。科:小心。经事!購。________________壹、計畫位置及範圍本更新單元位於士林區文林路740巷以北、文林路740巷以西、德行西路以南及文林路以東所圍街廓內,計畫範圍包括士林區蘭雅段二小段,466-2
蘭雅段二小段454、455、456、457、458、459、460-3、461、463、464、465、465-1、465-2、466、466-1、466-2、467、468469、470、471、471-1472、473、474、475、476477478478-1479479-1地號等32筆土地(詳圖7)。三、計畫面積:3,329.89平方公尺(實際面積以完成地籍分割後為準)。科:小心。经事!購。________________壹、計畫位置及範圍本更新單元位於士林區文林路740巷以北、文林路740巷以西、德行西路以南及文林路以東所圍街廓內,計畫範圍包括士林區蘭雅段二小段,467
蘭雅段二小段454、455、456、457、458、459、460-3、461、463、464、465、465-1、465-2、466、466-1、466-2、467、468469、470、471、471-1472、473、474、475、476477478478-1479479-1地號等32筆土地(詳圖7)。三、計畫面積:3,329.89平方公尺(實際面積以完成地籍分割後為準)。科:小心。经事!購。________________壹、計畫位置及範圍本更新單元位於士林區文林路740巷以北、文林路740巷以西、德行西路以南及文林路以東所圍街廓內,計畫範圍包括士林區蘭雅段二小段,468
蘭雅段二小段454、455、456、457、458、459、460-3、461、463、464、465、465-1、465-2、466、466-1、466-2、467、468469、470、471、471-1472、473、474、475、476477478478-1479479-1地號等32筆土地(詳圖7)。三、計畫面積:3,329.89平方公尺(實際面積以完成地籍分割後為準)。科:小心。经事!購。________________壹、計畫位置及範圍本更新單元位於士林區文林路740巷以北、文林路740巷以西、德行西路以南及文林路以東所圍街廓內,計畫範圍包括士林區蘭雅段二小段,469
蘭雅段二小段454、455、456、457、458、459、460-3、461、463、464、465、465-1、465-2、466、466-1、466-2、467、468469、470、471、471-1472、473、474、475、476477478478-1479479-1地號等32筆土地(詳圖7)。三、計畫面積:3,329.89平方公尺(實際面積以完成地籍分割後為準)。科:小心。经事!購。________________壹、計畫位置及範圍本更新單元位於士林區文林路740巷以北、文林路740巷以西、德行西路以南及文林路以東所圍街廓內,計畫範圍包括士林區蘭雅段二小段,470
蘭雅段二小段454、455、456、457、458、459、460-3、461、463、464、465、465-1、465-2、466、466-1、466-2、467、468469、470、471、471-1472、473、474、475、476477478478-1479479-1地號等32筆土地(詳圖7)。三、計畫面積:3,329.89平方公尺(實際面積以完成地籍分割後為準)。科:小心。经事!購。________________壹、計畫位置及範圍本更新單元位於士林區文林路740巷以北、文林路740巷以西、德行西路以南及文林路以東所圍街廓內,計畫範圍包括士林區蘭雅段二小段,471
蘭雅段二小段454、455、456、457、458、459、460-3、461、463、464、465、465-1、465-2、466、466-1、466-2、467、468469、470、471、471-1472、473、474、475、476477478478-1479479-1地號等32筆土地(詳圖7)。三、計畫面積:3,329.89平方公尺(實際面積以完成地籍分割後為準)。科:小心。经事!購。________________壹、計畫位置及範圍本更新單元位於士林區文林路740巷以北、文林路740巷以西、德行西路以南及文林路以東所圍街廓內,計畫範圍包括士林區蘭雅段二小段,471-1
蘭雅段二小段454、455、456、457、458、459、460-3、461、463、464、465、465-1、465-2、466、466-1、466-2、467、468469、470、471、471-1472、473、474、475、476477478478-1479479-1地號等32筆土地(詳圖7)。三、計畫面積:3,329.89平方公尺(實際面積以完成地籍分割後為準)。科:小心。经事!購。________________壹、計畫位置及範圍本更新單元位於士林區文林路740巷以北、文林路740巷以西、德行西路以南及文林路以東所圍街廓內,計畫範圍包括士林區蘭雅段二小段,472
蘭雅段二小段454、455、456、457、458、459、460-3、461、463、464、465、465-1、465-2、466、466-1、466-2、467、468469、470、471、471-1472、473、474、475、476477478478-1479479-1地號等32筆土地(詳圖7)。三、計畫面積:3,329.89平方公尺(實際面積以完成地籍分割後為準)。科:小心。经事!購。________________壹、計畫位置及範圍本更新單元位於士林區文林路740巷以北、文林路740巷以西、德行西路以南及文林路以東所圍街廓內,計畫範圍包括士林區蘭雅段二小段,473
蘭雅段二小段454、455、456、457、458、459、460-3、461、463、464、465、465-1、465-2、466、466-1、466-2、467、468469、470、471、471-1472、473、474、475、476477478478-1479479-1地號等32筆土地(詳圖7)。三、計畫面積:3,329.89平方公尺(實際面積以完成地籍分割後為準)。科:小心。经事!購。________________壹、計畫位置及範圍本更新單元位於士林區文林路740巷以北、文林路740巷以西、德行西路以南及文林路以東所圍街廓內,計畫範圍包括士林區蘭雅段二小段,474
蘭雅段二小段454、455、456、457、458、459、460-3、461、463、464、465、465-1、465-2、466、466-1、466-2、467、468469、470、471、471-1472、473、474、475、476477478478-1479479-1地號等32筆土地(詳圖7)。三、計畫面積:3,329.89平方公尺(實際面積以完成地籍分割後為準)。科:小心。经事!購。________________壹、計畫位置及範圍本更新單元位於士林區文林路740巷以北、文林路740巷以西、德行西路以南及文林路以東所圍街廓內,計畫範圍包括士林區蘭雅段二小段,475
蘭雅段二小段454、455、456、457、458、459、460-3、461、463、464、465、465-1、465-2、466、466-1、466-2、467、468469、470、471、471-1472、473、474、475、476477478478-1479479-1地號等32筆土地(詳圖7)。三、計畫面積:3,329.89平方公尺(實際面積以完成地籍分割後為準)。科:小心。经事!購。________________壹、計畫位置及範圍本更新單元位於士林區文林路740巷以北、文林路740巷以西、德行西路以南及文林路以東所圍街廓內,計畫範圍包括士林區蘭雅段二小段,476
蘭雅段二小段454、455、456、457、458、459、460-3、461、463、464、465、465-1、465-2、466、466-1、466-2、467、468469、470、471、471-1472、473、474、475、476477478478-1479479-1地號等32筆土地(詳圖7)。三、計畫面積:3,329.89平方公尺(實際面積以完成地籍分割後為準)。科:小心。经事!購。________________壹、計畫位置及範圍本更新單元位於士林區文林路740巷以北、文林路740巷以西、德行西路以南及文林路以東所圍街廓內,計畫範圍包括士林區蘭雅段二小段,477
蘭雅段二小段454、455、456、457、458、459、460-3、461、463、464、465、465-1、465-2、466、466-1、466-2、467、468469、470、471、471-1472、473、474、475、476477478478-1479479-1地號等32筆土地(詳圖7)。三、計畫面積:3,329.89平方公尺(實際面積以完成地籍分割後為準)。科:小心。经事!購。________________壹、計畫位置及範圍本更新單元位於士林區文林路740巷以北、文林路740巷以西、德行西路以南及文林路以東所圍街廓內,計畫範圍包括士林區蘭雅段二小段,478
蘭雅段二小段454、455、456、457、458、459、460-3、461、463、464、465、465-1、465-2、466、466-1、466-2、467、468469、470、471、471-1472、473、474、475、476477478478-1479479-1地號等32筆土地(詳圖7)。三、計畫面積:3,329.89平方公尺(實際面積以完成地籍分割後為準)。科:小心。经事!購。________________壹、計畫位置及範圍本更新單元位於士林區文林路740巷以北、文林路740巷以西、德行西路以南及文林路以東所圍街廓內,計畫範圍包括士林區蘭雅段二小段,478-1
蘭雅段二小段454、455、456、457、458、459、460-3、461、463、464、465、465-1、465-2、466、466-1、466-2、467、468469、470、471、471-1472、473、474、475、476477478478-1479479-1地號等32筆土地(詳圖7)。三、計畫面積:3,329.89平方公尺(實際面積以完成地籍分割後為準)。科:小心。经事!購。________________壹、計畫位置及範圍本更新單元位於士林區文林路740巷以北、文林路740巷以西、德行西路以南及文林路以東所圍街廓內,計畫範圍包括士林區蘭雅段二小段,479
蘭雅段二小段454、455、456、457、458、459、460-3、461、463、464、465、465-1、465-2、466、466-1、466-2、467、468469、470、471、471-1472、473、474、475、476477478478-1479479-1地號等32筆土地(詳圖7)。三、計畫面積:3,329.89平方公尺(實際面積以完成地籍分割後為準)。科:小心。经事!購。________________壹、計畫位置及範圍本更新單元位於士林區文林路740巷以北、文林路740巷以西、德行西路以南及文林路以東所圍街廓內,計畫範圍包括士林區蘭雅段二小段,479-1
