雙連段二小段,83-1
雙連段二小段,83-9
雙連段二小段,179-2
雙連段二小段,179-3
雙連段二小段,460-4
雙連段二小段,498-9
雙連段二小段,498-16
雙連段二小段,498-25
雙連段二小段,558-5
雙連段二小段,560
雙連段二小段,560-1
雙連段二小段,561
雙連段二小段,562
雙連段二小段,562-1
雙連段二小段,563
雙連段二小段,564
雙連段二小段,565
雙連段二小段,566
雙連段二小段,567
雙連段二小段,568
雙連段二小段,569
雙連段二小段,570
雙連段二小段,571
雙連段二小段,571-1
雙連段二小段,575
雙連段二小段,576
雙連段二小段,576-1
雙連段二小段,577
雙連段二小段,578
雙連段二小段,579
雙連段二小段,579-1
雙連段二小段,580
雙連段二小段,581
雙連段二小段,582
雙連段二小段,582-1
雙連段二小段,582-2
雙連段二小段,583
雙連段二小段,583-1
雙連段二小段,584
雙連段二小段,585
雙連段二小段,586
雙連段二小段,587
雙連段二小段,588
雙連段二小段,588-1
雙連段二小段,589
雙連段二小段,590
雙連段二小段,591
雙連段二小段,592
雙連段二小段,593
雙連段二小段,593-1
雙連段二小段,594
雙連段二小段,595
雙連段二小段,595-1
雙連段二小段,595-2
雙連段二小段,596
雙連段二小段,596-1
雙連段二小段,596-2
雙連段二小段,597
雙連段二小段,597-1
雙連段二小段,597-2
雙連段二小段,598
雙連段二小段,598-1
雙連段二小段,599
雙連段二小段,599-1
雙連段二小段,600
雙連段二小段,600-1
雙連段二小段,601
雙連段二小段,601-1
雙連段二小段,602
雙連段二小段,602-1
雙連段二小段,603
雙連段二小段,603-1
雙連段二小段,633-3
