西松段三小段,327
西松段三小段,328
西松段三小段,329-1
西松段三小段,330
西松段三小段,331
西松段三小段,332
西松段三小段,336
西松段三小段,337
西松段三小段,338
西松段三小段,339
西松段三小段,340
西松段三小段,341
西松段三小段,344
西松段三小段,345
西松段三小段,346
西松段三小段,347
西松段三小段,348
西松段三小段,349
西松段三小段,352
西松段三小段,353
西松段三小段,354
西松段三小段,355-1
西松段三小段,356
西松段三小段,357
西松段三小段,422
西松段三小段,423
西松段三小段,423-1
西松段三小段,423-2
西松段三小段,424-1
西松段三小段,425
西松段三小段,426
西松段三小段,427
西松段三小段,430
西松段三小段,431
西松段三小段,432
西松段三小段,433
西松段三小段,434
西松段三小段,435
西松段三小段,438
西松段三小段,439
西松段三小段,440
西松段三小段,441
西松段三小段,442
西松段三小段,443
西松段三小段,446
西松段三小段,447
西松段三小段,448
西松段三小段,449-1
西松段三小段,450
西松段三小段,451
